1001,pass001,Aarav Patel,0
1002,pass002,Siya Sharma,0
1003,pass003,Rohan Verma,0
1004,pass004,Ishita Rao,0
1005,pass005,Neha Bhandari,0
1006,pass006,Arjun Mehta,0
1007,pass007,Ananya Sen,0
1008,pass008,Dev Malhotra,0
1009,pass009,Prisha Gupta,0
1010,pass010,Vedant Iyer,0
1011,pass011,Kritika Ahuja,0
1012,pass012,Samar Khurana,0
1013,pass013,Tara Menon,0
1014,pass014,Aryan Kulkarni,0
1015,pass015,Priya Jadhav,0
1016,pass016,Krishna Patel,0
1017,pass017,Rhea Chakraborty,0
1018,pass018,Aayush Nair,0
1019,pass019,Sanya Kapoor,0
1020,pass020,Karan Arora,0
1021,pass021,Diya Choksi,0
1022,pass022,Manav Saxena,0
1023,pass023,Nisha Dutta,0
1024,pass024,Yash Khatri,0
1025,pass025,Shruti Desai,0
1026,pass026,Aman Bisht,0
1027,pass027,Isha Bansal,0
1028,pass028,Rajveer Singh,0
1029,pass029,Meera Nandakumar,0
1030,pass030,Viraj Sharma,0
1031,pass031,Anvika Prasad,0
1032,pass032,Reyansh Reddy,0
1033,pass033,Sanya Bhargav,0
1034,pass034,Atharva Joshi,0
1035,pass035,Avni Thakur,0
1036,pass036,Rudra Chatterjee,0
1037,pass037,Advika Soni,0
1038,pass038,Sahil Borkar,0
1039,pass039,Namrata Paul,0
1040,pass040,Shreyansh Goel,0
1041,pass041,Aditi Nair,0
1042,pass042,Hrithik Sharma,0
1043,pass043,Charvi Shetty,0
1044,pass044,Ekansh Gupta,0
1045,pass045,Jiya Malhotra,0
1046,pass046,Hardik Shah,0
1047,pass047,Shravani Rao,0
1048,pass048,Ritvik Chawla,0
1049,pass049,Aarohi Mahajan,0
1050,pass050,Moksh Yadav,0
1051,pass051,Niyati Bhatt,0
1052,pass052,Ayushmaan Roy,0
1053,pass053,Simran Singh,0
1054,pass054,Advik Suresh,0
1055,pass055,Myra Kapoor,0
1056,pass056,Devika Rane,0
1057,pass057,Pranav Shah,0
1058,pass058,Aaliyah Gill,0
1059,pass059,Ahaan Borkar,0
1060,pass060,Rhea Venkatesh,0
1061,pass061,Harshit Meena,0
1062,pass062,Srishti Kaur,0
1063,pass063,Kabir Chawla,0
1064,pass064,Anshika Sharma,0
1065,pass065,Samarjit Rao,0
1066,pass066,Anvi Narang,0
1067,pass067,Rudransh Tiwari,0
1068,pass068,Suhani Ghosh,0
1069,pass069,Veer Saxena,0
1070,pass070,Ira Kulkarni,0
1071,pass071,Vivan Bhatia,0
1072,pass072,Krisha Malhotra,0
1073,pass073,Neeraj Vishwakarma,0
1074,pass074,Aarna Iyer,0
1075,pass075,Kushagra Jain,0
1076,pass076,Anshul Shinde,0
1077,pass077,Tanya Joseph,0
1078,pass078,Veerendra Chauhan,0
1079,pass079,Grishma Rao,0
1080,pass080,Samar Deshmukh,0
1081,pass081,Aashna Shah,0
1082,pass082,Rehaan Ali,0
1083,pass083,Suhail Khan,0
1084,pass084,Charan Menon,0
1085,pass085,Ahana Chatterjee,0
1086,pass086,Tejas Gupta,0
1087,pass087,Aadhya Verma,0
1088,pass088,Aarav Singh,0
1089,pass089,Nikita Jain,0
1090,pass090,Rithvik Rao,0
1091,pass091,Sana Nawaz,0
1092,pass092,Harshad Patil,0
1093,pass093,Anushka Shetty,0
1094,pass094,Devansh Kale,0
1095,pass095,Shanaya Rana,0
1096,pass096,Ayaan Arif,0
1097,pass097,Vaishnavi Kulkarni,0
1098,pass098,Rudraksh Ahuja,0
1099,pass099,Anmol Bedi,0
1100,pass100,Yuvika Mehra,0